﻿designator,quantity,value,pack,mpn,mount_type
"C1, C2",2,47pF,C_0402_1005Metric,,smt
"C10, C11, C13, C7",4,10nF,C_0402_1005Metric,,smt
"C12, C14, C15, C3, C4, C5, C6, C8, C9",9,0.1uF,C_0402_1005Metric,,smt
"D1, D2, D3, D4",4,LED,LED_0805_2012Metric,,smt
J1,1,1-84952-5,conn15_1-84952-5_TEC,,smt
"J2, J3",2,PJRAN1X1U04X,SWITCHCRAFT_PJRAN1X1U04X,,tht
"JP1, JP2, JP3, JP4",4,Jumper_2_Open,SolderJumper-2_P1.3mm_Open_RoundedPad1.0x1.5mm,,tht
JP5,1,SolderJumper_3_Bridged12,SolderJumper-3_P1.3mm_Bridged12_RoundedPad1.0x1.5mm_NumberLabels,,tht
"R1, R3",2,24,R_0805_2012Metric,,smt
"R10, R9",2,2.2k,R_0805_2012Metric,,smt
"R2, R4",2,51,R_0805_2012Metric,,smt
"R5, R6, R7, R8",4,100k,R_0805_2012Metric,,smt
"TP1, TP2",2,RCT-0C,PROBE_PAD_0805,RCT-0C,smt
U1,1,ADV7280BCPZ-M-RL,CP_32_12_ADI-M,,smt
"U2, U3",2,MIC5504-1.8YM5-TR,SOT23-5LD-PL-1_MCH,,smt
Y1,1,Crystal_GND24,XTAL_ABM8-28.63636MHZ-B2-T,,smt
