﻿pos_x,pos_y,rotation,side,designator,mpn,pack,value,mount_type,place
124.46,-62.848,180.0,top,C1,,C_0402_1005Metric,47pF,smt,True
130.81,-71.992,90.0,top,C10,,C_0402_1005Metric,10nF,smt,True
142.494,-69.96,-90.0,top,C11,,C_0402_1005Metric,10nF,smt,True
130.556,-67.166,0.0,top,C12,,C_0402_1005Metric,0.1uF,smt,True
130.556,-65.896,0.0,top,C13,,C_0402_1005Metric,10nF,smt,True
140.462,-74.278,-90.0,top,C14,,C_0402_1005Metric,0.1uF,smt,True
129.032,-61.324,-135.0,top,C15,,C_0402_1005Metric,0.1uF,smt,True
124.46,-68.69,0.0,top,C2,,C_0402_1005Metric,47pF,smt,True
133.604,-84.328,0.0,top,C3,,C_0402_1005Metric,0.1uF,smt,True
140.208,-84.328,180.0,top,C4,,C_0402_1005Metric,0.1uF,smt,True
130.302,-69.198,-90.0,top,C5,,C_0402_1005Metric,0.1uF,smt,True
128.27,-60.562,45.0,top,C6,,C_0402_1005Metric,0.1uF,smt,True
141.478,-74.278,90.0,top,C7,,C_0402_1005Metric,10nF,smt,True
141.478,-69.96,-90.0,top,C8,,C_0402_1005Metric,0.1uF,smt,True
131.826,-71.992,90.0,top,C9,,C_0402_1005Metric,0.1uF,smt,True
145.288,-60.96,180.0,top,D1,,LED_0805_2012Metric,LED,smt,True
148.844,-60.96,0.0,top,D2,,LED_0805_2012Metric,LED,smt,True
148.844,-62.992,0.0,top,D3,,LED_0805_2012Metric,LED,smt,True
145.288,-62.992,180.0,top,D4,,LED_0805_2012Metric,LED,smt,True
136.4234,-56.896,180.0,top,J1,,conn15_1-84952-5_TEC,1-84952-5,smt,True
130.556,-94.996,0.0,top,J2,,SWITCHCRAFT_PJRAN1X1U04X,PJRAN1X1U04X,tht,True
143.256,-94.996,0.0,top,J3,,SWITCHCRAFT_PJRAN1X1U04X,PJRAN1X1U04X,tht,True
146.05,-79.978,90.0,top,JP1,,SolderJumper-2_P1.3mm_Open_RoundedPad1.0x1.5mm,Jumper_2_Open,tht,True
148.59,-79.978,90.0,top,JP2,,SolderJumper-2_P1.3mm_Open_RoundedPad1.0x1.5mm,Jumper_2_Open,tht,True
148.59,-76.564,-90.0,top,JP3,,SolderJumper-2_P1.3mm_Open_RoundedPad1.0x1.5mm,Jumper_2_Open,tht,True
146.05,-76.564,-90.0,top,JP4,,SolderJumper-2_P1.3mm_Open_RoundedPad1.0x1.5mm,Jumper_2_Open,tht,True
133.35,-54.9318,180.0,bottom,JP5,,SolderJumper-3_P1.3mm_Bridged12_RoundedPad1.0x1.5mm_NumberLabels,SolderJumper_3_Bridged12,tht,True
129.54,-84.9395,90.0,top,R1,,R_0805_2012Metric,24,smt,True
136.652,-78.088,90.0,top,R10,,R_0805_2012Metric,2.2k,smt,True
131.572,-84.9395,90.0,top,R2,,R_0805_2012Metric,51,smt,True
144.466,-85.15,90.0,top,R3,,R_0805_2012Metric,24,smt,True
142.467341,-85.152906,90.0,top,R4,,R_0805_2012Metric,51,smt,True
132.08,-78.088,90.0,top,R5,,R_0805_2012Metric,100k,smt,True
130.048,-78.088,90.0,top,R6,,R_0805_2012Metric,100k,smt,True
139.192,-78.088,90.0,top,R7,,R_0805_2012Metric,100k,smt,True
141.224,-78.088,90.0,top,R8,,R_0805_2012Metric,100k,smt,True
134.62,-78.088,90.0,top,R9,,R_0805_2012Metric,2.2k,smt,True
123.952,-75.654,0.0,bottom,TP1,RCT-0C,PROBE_PAD_0805,RCT-0C,smt,True
123.952,-72.644,0.0,bottom,TP2,RCT-0C,PROBE_PAD_0805,RCT-0C,smt,True
136.398,-70.214,180.0,top,U1,,CP_32_12_ADI-M,ADV7280BCPZ-M-RL,smt,True
147.066,-71.738,180.0,top,U2,,SOT23-5LD-PL-1_MCH,MIC5504-1.8YM5-TR,smt,True
146.98345,-66.658,180.0,top,U3,,SOT23-5LD-PL-1_MCH,MIC5504-1.8YM5-TR,smt,True
124.46,-66.04,180.0,top,Y1,,XTAL_ABM8-28.63636MHZ-B2-T,Crystal_GND24,smt,True
